Make_Raw,Make_STD
Acura,ACURA
Aston Martin,ASTON MARTIN
Audi,AUDI
Bentley,BENTLEY
BMW,BMW
Buick,BUICK
Cadillac,CADILLAC
Chervrolet,CHEVROLET
Chevrolet,CHEVROLET
Chrysler,CHRYSLER
Dodge,DODGE
FIAT,FIAT
Ford,FORD
GMC,GMC
HARLEY,HARLEY
Honda,HONDA
HONDA MOTORCYCLE,HONDA MOTORCYCLE
HUMMER,HUMMER
HYUN,HYUNDAI
Hyundai,HYUNDAI
Infiniti,INFINITI
International,INTERNATIONAL
Isuzu,ISUZU
Jaguar,JAGUAR
Jeep,JEEP
Kia,KIA
LAND,LAND ROVER
Land Rover,LAND ROVER
Lexus,LEXUS
Lincoln,LINCOLN
Maserati,MASERATI
Mazda,MAZDA
Mercedes-Benz,MERCEDES-BENZ
Mercury,MERCURY
MG,MG
MINI,MINI
Mitsubishi,MITSUBISHI
Nissan,NISSAN
Oldsmobile,OLDSMOBILE
Plymouth,PLYMOUTH
Pontiac,PONTIAC
Porsche,PORSCHE
Ram,RAM
Rolls-Royce,ROLLS-ROYCE
Saab,SAAB
Saturn,SATURN
Scion,SCION
Smart,SMART
Subaru,SUBARU
Suzuki,SUZUKI
TOYO,TOYOTA
Toyota,TOYOTA
TRITON,TRITON
Volkswagen,VOLKSWAGEN
VOLV,VOLVO
Volvo,VOLVO
VW,VOLKSWAGEN
YAMAHA,YAMAHA
